"datas","variable","value"
nov 2010,"ferroUS",160.5
dez 2010,"ferroUS",168.3
jan 2011,"ferroUS",179.6
fev 2011,"ferroUS",187.2
mar 2011,"ferroUS",174
abr 2011,"ferroUS",179.1
mai 2011,"ferroUS",168.6
jun 2011,"ferroUS",164
jul 2011,"ferroUS",173.1
ago 2011,"ferroUS",177.4
set 2011,"ferroUS",177.5
out 2011,"ferroUS",150.4
nov 2011,"ferroUS",135.5
dez 2011,"ferroUS",136.3
jan 2012,"ferroUS",140.4
fev 2012,"ferroUS",140.4
mar 2012,"ferroUS",144.6
abr 2012,"ferroUS",147.6
mai 2012,"ferroUS",136.3
jun 2012,"ferroUS",134.6
jul 2012,"ferroUS",127.9
ago 2012,"ferroUS",107.8
set 2012,"ferroUS",99.2
out 2012,"ferroUS",113.95
nov 2012,"ferroUS",120.35
dez 2012,"ferroUS",128.55
jan 2013,"ferroUS",150.86
fev 2013,"ferroUS",154.64
mar 2013,"ferroUS",139.87
abr 2013,"ferroUS",137.44
mai 2013,"ferroUS",124.66
jun 2013,"ferroUS",114.75
jul 2013,"ferroUS",127.43
ago 2013,"ferroUS",137.05
set 2013,"ferroUS",134.19
out 2013,"ferroUS",132.57
nov 2013,"ferroUS",136.32
dez 2013,"ferroUS",135.79
jan 2014,"ferroUS",122.63
fev 2014,"ferroUS",121.37
mar 2014,"ferroUS",111.83
abr 2014,"ferroUS",114.58
mai 2014,"ferroUS",100.89
jun 2014,"ferroUS",92.74
jul 2014,"ferroUS",96.05
ago 2014,"ferroUS",92.84
set 2014,"ferroUS",82.27
out 2014,"ferroUS",80.08
nov 2014,"ferroUS",73.13
dez 2014,"ferroUS",68.92
jan 2015,"ferroUS",67.2
fev 2015,"ferroUS",62.61
mar 2015,"ferroUS",56.94
abr 2015,"ferroUS",51.36
mai 2015,"ferroUS",60.39
jun 2015,"ferroUS",62.33
jul 2015,"ferroUS",51.51
ago 2015,"ferroUS",55.28
set 2015,"ferroUS",56.35
out 2015,"ferroUS",52.9
nov 2015,"ferroUS",46.1
dez 2015,"ferroUS",39.58
jan 2016,"ferroUS",41.17
fev 2016,"ferroUS",46.33
mar 2016,"ferroUS",55.52
abr 2016,"ferroUS",59.58
mai 2016,"ferroUS",54.49
jun 2016,"ferroUS",51.36
jul 2016,"ferroUS",56.61
ago 2016,"ferroUS",60.43
set 2016,"ferroUS",56.63
out 2016,"ferroUS",62.77
nov 2016,"ferroUS",72.25
dez 2016,"ferroUS",79.75
jan 2017,"ferroUS",80.4
fev 2017,"ferroUS",88.07
mar 2017,"ferroUS",86.84
abr 2017,"ferroUS",69.97
mai 2017,"ferroUS",60.71
jun 2017,"ferroUS",56.01
jul 2017,"ferroUS",66.22
ago 2017,"ferroUS",75.11
set 2017,"ferroUS",69.77
out 2017,"ferroUS",60.31
nov 2017,"ferroUS",63.36
dez 2017,"ferroUS",71.28
jan 2018,"ferroUS",75.86
fev 2018,"ferroUS",77.46
mar 2018,"ferroUS",69.7
abr 2018,"ferroUS",65.27
mai 2018,"ferroUS",65.95
jun 2018,"ferroUS",64.8
jul 2018,"ferroUS",64.35
ago 2018,"ferroUS",67.16
set 2018,"ferroUS",68.73
out 2018,"ferroUS",72.81
nov 2018,"ferroUS",72.28
dez 2018,"ferroUS",69.2
jan 2019,"ferroUS",76.03
fev 2019,"ferroUS",87.33
mar 2019,"ferroUS",85.7
abr 2019,"ferroUS",93.24
mai 2019,"ferroUS",98.76
jun 2019,"ferroUS",109.18
jul 2019,"ferroUS",120.02
ago 2019,"ferroUS",90.91
set 2019,"ferroUS",92.91
out 2019,"ferroUS",89.55
nov 2019,"ferroUS",84.68
dez 2019,"ferroUS",91.53
jan 2020,"ferroUS",92.44
fev 2020,"ferroUS",86.46
mar 2020,"ferroUS",88.02
abr 2020,"ferroUS",83.84
mai 2020,"ferroUS",92.05
jun 2020,"ferroUS",102.95
jul 2020,"ferroUS",108.9
ago 2020,"ferroUS",122.53
set 2020,"ferroUS",123.98
out 2020,"ferroUS",120.19
nov 2020,"ferroUS",124.62
dez 2020,"ferroUS",155.84
nov 2010,"cobreUS",3.823
dez 2010,"cobreUS",4.439
jan 2011,"cobreUS",4.451
fev 2011,"cobreUS",4.478
mar 2011,"cobreUS",4.3
abr 2011,"cobreUS",4.165
mai 2011,"cobreUS",4.173
jun 2011,"cobreUS",4.272
jul 2011,"cobreUS",4.474
ago 2011,"cobreUS",4.187
set 2011,"cobreUS",3.145
out 2011,"cobreUS",3.629
nov 2011,"cobreUS",3.563
dez 2011,"cobreUS",3.432
jan 2012,"cobreUS",3.788
fev 2012,"cobreUS",3.87
mar 2012,"cobreUS",3.824
abr 2012,"cobreUS",3.833
mai 2012,"cobreUS",3.362
jun 2012,"cobreUS",3.49
jul 2012,"cobreUS",3.42
ago 2012,"cobreUS",3.454
set 2012,"cobreUS",3.773
out 2012,"cobreUS",3.527
nov 2012,"cobreUS",3.63
dez 2012,"cobreUS",3.641
jan 2013,"cobreUS",3.724
fev 2013,"cobreUS",3.527
mar 2013,"cobreUS",3.395
abr 2013,"cobreUS",3.188
mai 2013,"cobreUS",3.289
jun 2013,"cobreUS",3.05
jul 2013,"cobreUS",3.119
ago 2013,"cobreUS",3.225
set 2013,"cobreUS",3.321
out 2013,"cobreUS",3.295
nov 2013,"cobreUS",3.231
dez 2013,"cobreUS",3.442
jan 2014,"cobreUS",3.22
fev 2014,"cobreUS",3.239
mar 2014,"cobreUS",3.046
abr 2014,"cobreUS",3.03
mai 2014,"cobreUS",3.136
jun 2014,"cobreUS",3.188
jul 2014,"cobreUS",3.223
ago 2014,"cobreUS",3.135
set 2014,"cobreUS",3.006
out 2014,"cobreUS",3.061
nov 2014,"cobreUS",2.86
dez 2014,"cobreUS",2.838
jan 2015,"cobreUS",2.528
fev 2015,"cobreUS",2.716
mar 2015,"cobreUS",2.747
abr 2015,"cobreUS",2.886
mai 2015,"cobreUS",2.76
jun 2015,"cobreUS",2.623
jul 2015,"cobreUS",2.368
ago 2015,"cobreUS",2.338
set 2015,"cobreUS",2.345
out 2015,"cobreUS",2.313
nov 2015,"cobreUS",2.045
dez 2015,"cobreUS",2.126
jan 2016,"cobreUS",2.064
fev 2016,"cobreUS",2.128
mar 2016,"cobreUS",2.182
abr 2016,"cobreUS",2.3185
mai 2016,"cobreUS",2.147
jun 2016,"cobreUS",2.2435
jul 2016,"cobreUS",2.273
ago 2016,"cobreUS",2.129
set 2016,"cobreUS",2.26
out 2016,"cobreUS",2.253
nov 2016,"cobreUS",2.643
dez 2016,"cobreUS",2.5285
jan 2017,"cobreUS",2.773
fev 2017,"cobreUS",2.7745
mar 2017,"cobreUS",2.7405
abr 2017,"cobreUS",2.6795
mai 2017,"cobreUS",2.655
jun 2017,"cobreUS",2.7665
jul 2017,"cobreUS",2.9745
ago 2017,"cobreUS",3.162
set 2017,"cobreUS",3.036
out 2017,"cobreUS",3.1775
nov 2017,"cobreUS",3.1275
dez 2017,"cobreUS",3.383
jan 2018,"cobreUS",3.3055
fev 2018,"cobreUS",3.2465
mar 2018,"cobreUS",3.1525
abr 2018,"cobreUS",3.2005
mai 2018,"cobreUS",3.1935
jun 2018,"cobreUS",3.0735
jul 2018,"cobreUS",2.9555
ago 2018,"cobreUS",2.779
set 2018,"cobreUS",2.8795
out 2018,"cobreUS",2.7505
nov 2018,"cobreUS",2.819
dez 2018,"cobreUS",2.6745
jan 2019,"cobreUS",2.834
fev 2019,"cobreUS",2.9805
mar 2019,"cobreUS",2.9745
abr 2019,"cobreUS",2.9715
mai 2019,"cobreUS",2.691
jun 2019,"cobreUS",2.774
jul 2019,"cobreUS",2.7345
ago 2019,"cobreUS",2.608
set 2019,"cobreUS",2.637
out 2019,"cobreUS",2.6855
nov 2019,"cobreUS",2.707
dez 2019,"cobreUS",2.835
jan 2020,"cobreUS",2.561
fev 2020,"cobreUS",2.575
mar 2020,"cobreUS",2.2625
abr 2020,"cobreUS",2.3805
mai 2020,"cobreUS",2.4755
jun 2020,"cobreUS",2.7605
jul 2020,"cobreUS",2.911
ago 2020,"cobreUS",3.082
set 2020,"cobreUS",3.0425
out 2020,"cobreUS",3.0565
nov 2020,"cobreUS",3.443
dez 2020,"cobreUS",3.524
nov 2010,"vale",37.53
dez 2010,"vale",36.25
jan 2011,"vale",37.6
fev 2011,"vale",37.09
mar 2011,"vale",35.14
abr 2011,"vale",34.52
mai 2011,"vale",33.5
jun 2011,"vale",32.99
jul 2011,"vale",33.45
ago 2011,"vale",30.52
set 2011,"vale",29.05
out 2011,"vale",30.47
nov 2011,"vale",29.03
dez 2011,"vale",27.5
jan 2012,"vale",31.16
fev 2012,"vale",30.36
mar 2012,"vale",29.9
abr 2012,"vale",30.44
mai 2012,"vale",26.86
jun 2012,"vale",28.68
jul 2012,"vale",26.55
ago 2012,"vale",24.14
set 2012,"vale",26.08
out 2012,"vale",27.62
nov 2012,"vale",27.73
dez 2012,"vale",31.18
jan 2013,"vale",29.69
fev 2013,"vale",27.88
mar 2013,"vale",25.74
abr 2013,"vale",25.94
mai 2013,"vale",23.07
jun 2013,"vale",22.04
jul 2013,"vale",23.5
ago 2013,"vale",26.07
set 2013,"vale",26.1
out 2013,"vale",27.81
nov 2013,"vale",27.91
dez 2013,"vale",27.78
jan 2014,"vale",25.71
fev 2014,"vale",25.67
mar 2014,"vale",24.44
abr 2014,"vale",23.52
mai 2014,"vale",22.72
jun 2014,"vale",23.39
jul 2014,"vale",26.03
ago 2014,"vale",23.29
set 2014,"vale",21.48
out 2014,"vale",20.75
nov 2014,"vale",19.34
dez 2014,"vale",18.18
jan 2015,"vale",15.44
fev 2015,"vale",17.63
mar 2015,"vale",14.89
abr 2015,"vale",18.99
mai 2015,"vale",16.81
jun 2015,"vale",15.34
jul 2015,"vale",14.98
ago 2015,"vale",15.03
set 2015,"vale",13.9
out 2015,"vale",14.59
nov 2015,"vale",11.27
dez 2015,"vale",11.15
jan 2016,"vale",8.31
fev 2016,"vale",10.1
mar 2016,"vale",12.96
abr 2016,"vale",16.84
mai 2016,"vale",12.16
jun 2016,"vale",13.92
jul 2016,"vale",15.82
ago 2016,"vale",14.49
set 2016,"vale",15.23
out 2016,"vale",18.89
nov 2016,"vale",24
dez 2016,"vale",22.1
jan 2017,"vale",27.69
fev 2017,"vale",28.15
mar 2017,"vale",25.63
abr 2017,"vale",24.42
mai 2017,"vale",24.16
jun 2017,"vale",25.78
jul 2017,"vale",27.83
ago 2017,"vale",31.19
set 2017,"vale",28.34
out 2017,"vale",28.54
nov 2017,"vale",31.24
dez 2017,"vale",36.18
jan 2018,"vale",37.25
fev 2018,"vale",40.49
mar 2018,"vale",38.36
abr 2018,"vale",44.24
mai 2018,"vale",46.02
jun 2018,"vale",45.07
jul 2018,"vale",49.84
ago 2018,"vale",50.14
set 2018,"vale",55.94
out 2018,"vale",53.03
nov 2018,"vale",49.37
dez 2018,"vale",47.69
jan 2019,"vale",42.55
fev 2019,"vale",44.04
mar 2019,"vale",47.62
abr 2019,"vale",46.85
mai 2019,"vale",45.82
jun 2019,"vale",48.46
jul 2019,"vale",46.58
ago 2019,"vale",42.61
set 2019,"vale",44.65
out 2019,"vale",44.14
nov 2019,"vale",46.74
dez 2019,"vale",51.16
jan 2020,"vale",48.25
fev 2020,"vale",42.53
mar 2020,"vale",41.49
abr 2020,"vale",43.06
mai 2020,"vale",50.87
jun 2020,"vale",53.68
jul 2020,"vale",58.27
ago 2020,"vale",57.29
set 2020,"vale",59.11
out 2020,"vale",60.55
nov 2020,"vale",78
dez 2020,"vale",87.45
nov 2010,"dolar",1.7145
dez 2010,"dolar",1.6593
jan 2011,"dolar",1.667
fev 2011,"dolar",1.6635
mar 2011,"dolar",1.6315
abr 2011,"dolar",1.5765
mai 2011,"dolar",1.5795
jun 2011,"dolar",1.5617
jul 2011,"dolar",1.5485
ago 2011,"dolar",1.5887
set 2011,"dolar",1.8785
out 2011,"dolar",1.7167
nov 2011,"dolar",1.8078
dez 2011,"dolar",1.8627
jan 2012,"dolar",1.7463
fev 2012,"dolar",1.7167
mar 2012,"dolar",1.8257
abr 2012,"dolar",1.908
mai 2012,"dolar",2.0221
jun 2012,"dolar",2.0092
jul 2012,"dolar",2.0563
ago 2012,"dolar",2.028
set 2012,"dolar",2.0255
out 2012,"dolar",2.0306
nov 2012,"dolar",2.135
dez 2012,"dolar",2.0475
jan 2013,"dolar",1.9902
fev 2013,"dolar",1.9795
mar 2013,"dolar",2.0235
abr 2013,"dolar",2.001
mai 2013,"dolar",2.1418
jun 2013,"dolar",2.2315
jul 2013,"dolar",2.2764
ago 2013,"dolar",2.3859
set 2013,"dolar",2.2156
out 2013,"dolar",2.239
nov 2013,"dolar",2.3355
dez 2013,"dolar",2.3618
jan 2014,"dolar",2.4122
fev 2014,"dolar",2.3381
mar 2014,"dolar",2.2714
abr 2014,"dolar",2.232
mai 2014,"dolar",2.2403
jun 2014,"dolar",2.2137
jul 2014,"dolar",2.2634
ago 2014,"dolar",2.2355
set 2014,"dolar",2.4449
out 2014,"dolar",2.4779
nov 2014,"dolar",2.5651
dez 2014,"dolar",2.657
jan 2015,"dolar",2.6814
fev 2015,"dolar",2.838
mar 2015,"dolar",3.1947
abr 2015,"dolar",3.014
mai 2015,"dolar",3.1788
jun 2015,"dolar",3.102
jul 2015,"dolar",3.4204
ago 2015,"dolar",3.6187
set 2015,"dolar",3.9478
out 2015,"dolar",3.8562
nov 2015,"dolar",3.8675
dez 2015,"dolar",3.9593
jan 2016,"dolar",3.9973
fev 2016,"dolar",4.0156
mar 2016,"dolar",3.5925
abr 2016,"dolar",3.4352
mai 2016,"dolar",3.6105
jun 2016,"dolar",3.2126
jul 2016,"dolar",3.2471
ago 2016,"dolar",3.2266
set 2016,"dolar",3.2589
out 2016,"dolar",3.1878
nov 2016,"dolar",3.3827
dez 2016,"dolar",3.2532
jan 2017,"dolar",3.1507
fev 2017,"dolar",3.1086
mar 2017,"dolar",3.123
abr 2017,"dolar",3.1758
mai 2017,"dolar",3.2262
jun 2017,"dolar",3.3063
jul 2017,"dolar",3.1259
ago 2017,"dolar",3.1474
set 2017,"dolar",3.1614
out 2017,"dolar",3.2724
nov 2017,"dolar",3.2726
dez 2017,"dolar",3.3121
jan 2018,"dolar",3.1858
fev 2018,"dolar",3.2458
mar 2018,"dolar",3.3046
abr 2018,"dolar",3.5066
mai 2018,"dolar",3.7225
jun 2018,"dolar",3.8765
jul 2018,"dolar",3.7557
ago 2018,"dolar",4.0545
set 2018,"dolar",4.0477
out 2018,"dolar",3.7218
nov 2018,"dolar",3.8662
dez 2018,"dolar",3.8804
jan 2019,"dolar",3.6439
fev 2019,"dolar",3.7511
mar 2019,"dolar",3.9238
abr 2019,"dolar",3.9207
mai 2019,"dolar",3.9218
jun 2019,"dolar",3.8518
jul 2019,"dolar",3.8125
ago 2019,"dolar",4.1445
set 2019,"dolar",4.1551
out 2019,"dolar",4.0174
nov 2019,"dolar",4.2364
dez 2019,"dolar",4.019
jan 2020,"dolar",4.282
fev 2020,"dolar",4.4733
mar 2020,"dolar",5.2046
abr 2020,"dolar",5.4858
mai 2020,"dolar",5.3361
jun 2020,"dolar",5.4661
jul 2020,"dolar",5.224
ago 2020,"dolar",5.4914
set 2020,"dolar",5.6112
out 2020,"dolar",5.7446
nov 2020,"dolar",5.3319
dez 2020,"dolar",5.1937
nov 2010,"var.dolar",0.81
dez 2010,"var.dolar",-3.22
jan 2011,"var.dolar",0.46
fev 2011,"var.dolar",-0.21
mar 2011,"var.dolar",-1.92
abr 2011,"var.dolar",-3.37
mai 2011,"var.dolar",0.19
jun 2011,"var.dolar",-1.13
jul 2011,"var.dolar",-0.85
ago 2011,"var.dolar",2.6
set 2011,"var.dolar",18.24
out 2011,"var.dolar",-8.61
nov 2011,"var.dolar",5.31
dez 2011,"var.dolar",3.04
jan 2012,"var.dolar",-6.25
fev 2012,"var.dolar",-1.7
mar 2012,"var.dolar",6.35
abr 2012,"var.dolar",4.51
mai 2012,"var.dolar",5.98
jun 2012,"var.dolar",-0.64
jul 2012,"var.dolar",2.34
ago 2012,"var.dolar",-1.38
set 2012,"var.dolar",-0.12
out 2012,"var.dolar",0.25
nov 2012,"var.dolar",5.14
dez 2012,"var.dolar",-4.1
jan 2013,"var.dolar",-2.8
fev 2013,"var.dolar",-0.54
mar 2013,"var.dolar",2.22
abr 2013,"var.dolar",-1.11
mai 2013,"var.dolar",7.04
jun 2013,"var.dolar",4.19
jul 2013,"var.dolar",2.01
ago 2013,"var.dolar",4.81
set 2013,"var.dolar",-7.14
out 2013,"var.dolar",1.06
nov 2013,"var.dolar",4.31
dez 2013,"var.dolar",1.13
jan 2014,"var.dolar",2.13
fev 2014,"var.dolar",-3.07
mar 2014,"var.dolar",-2.85
abr 2014,"var.dolar",-1.73
mai 2014,"var.dolar",0.37
jun 2014,"var.dolar",-1.19
jul 2014,"var.dolar",2.25
ago 2014,"var.dolar",-1.23
set 2014,"var.dolar",9.37
out 2014,"var.dolar",1.35
nov 2014,"var.dolar",3.52
dez 2014,"var.dolar",3.58
jan 2015,"var.dolar",0.92
fev 2015,"var.dolar",5.84
mar 2015,"var.dolar",12.57
abr 2015,"var.dolar",-5.66
mai 2015,"var.dolar",5.47
jun 2015,"var.dolar",-2.42
jul 2015,"var.dolar",10.26
ago 2015,"var.dolar",5.8
set 2015,"var.dolar",9.09
out 2015,"var.dolar",-2.32
nov 2015,"var.dolar",0.29
dez 2015,"var.dolar",2.37
jan 2016,"var.dolar",0.96
fev 2016,"var.dolar",0.46
mar 2016,"var.dolar",-10.54
abr 2016,"var.dolar",-4.38
mai 2016,"var.dolar",5.1
jun 2016,"var.dolar",-11.02
jul 2016,"var.dolar",1.07
ago 2016,"var.dolar",-0.63
set 2016,"var.dolar",1
out 2016,"var.dolar",-2.18
nov 2016,"var.dolar",6.11
dez 2016,"var.dolar",-3.83
jan 2017,"var.dolar",-3.15
fev 2017,"var.dolar",-1.34
mar 2017,"var.dolar",0.46
abr 2017,"var.dolar",1.69
mai 2017,"var.dolar",1.59
jun 2017,"var.dolar",2.48
jul 2017,"var.dolar",-5.46
ago 2017,"var.dolar",0.69
set 2017,"var.dolar",0.44
out 2017,"var.dolar",3.51
nov 2017,"var.dolar",0.01
dez 2017,"var.dolar",1.21
jan 2018,"var.dolar",-3.81
fev 2018,"var.dolar",1.88
mar 2018,"var.dolar",1.81
abr 2018,"var.dolar",6.11
mai 2018,"var.dolar",6.16
jun 2018,"var.dolar",4.14
jul 2018,"var.dolar",-3.12
ago 2018,"var.dolar",7.96
set 2018,"var.dolar",-0.17
out 2018,"var.dolar",-8.05
nov 2018,"var.dolar",3.88
dez 2018,"var.dolar",0.37
jan 2019,"var.dolar",-6.09
fev 2019,"var.dolar",2.94
mar 2019,"var.dolar",4.6
abr 2019,"var.dolar",-0.08
mai 2019,"var.dolar",0.03
jun 2019,"var.dolar",-1.78
jul 2019,"var.dolar",-1.02
ago 2019,"var.dolar",8.71
set 2019,"var.dolar",0.26
out 2019,"var.dolar",-3.31
nov 2019,"var.dolar",5.45
dez 2019,"var.dolar",-5.13
jan 2020,"var.dolar",6.54
fev 2020,"var.dolar",4.47
mar 2020,"var.dolar",16.35
abr 2020,"var.dolar",5.4
mai 2020,"var.dolar",-2.73
jun 2020,"var.dolar",2.44
jul 2020,"var.dolar",-4.43
ago 2020,"var.dolar",5.12
set 2020,"var.dolar",2.18
out 2020,"var.dolar",2.38
nov 2020,"var.dolar",-7.18
dez 2020,"var.dolar",-2.59
nov 2010,"exportBR",17687.332378
dez 2010,"exportBR",20918.140436
jan 2011,"exportBR",15214.352952
fev 2011,"exportBR",16732.470279
mar 2011,"exportBR",19285.976953
abr 2011,"exportBR",20172.976975
mai 2011,"exportBR",23208.656952
jun 2011,"exportBR",23689.078794
jul 2011,"exportBR",22251.876846
ago 2011,"exportBR",26158.507329
set 2011,"exportBR",23285.05803
out 2011,"exportBR",22139.952919
nov 2011,"exportBR",21773.462792
dez 2011,"exportBR",22127.203947
jan 2012,"exportBR",16140.344319
fev 2012,"exportBR",18027.792015
mar 2012,"exportBR",20910.732221
abr 2012,"exportBR",19566.298497
mai 2012,"exportBR",23213.925742
jun 2012,"exportBR",19352.834494
jul 2012,"exportBR",21003.237336
ago 2012,"exportBR",22380.911208
set 2012,"exportBR",19998.382904
out 2012,"exportBR",21763.367937
nov 2012,"exportBR",20471.895783
dez 2012,"exportBR",19748.29109
jan 2013,"exportBR",15966.728014
fev 2013,"exportBR",15549.464516
mar 2013,"exportBR",19320.425611
abr 2013,"exportBR",20631.040493
mai 2013,"exportBR",21822.419593
jun 2013,"exportBR",21134.041444
jul 2013,"exportBR",20806.765049
ago 2013,"exportBR",21424.021374
set 2013,"exportBR",20850.461196
out 2013,"exportBR",22821.00254
nov 2013,"exportBR",20861.367401
dez 2013,"exportBR",20845.837489
jan 2014,"exportBR",16026.190798
fev 2014,"exportBR",15933.832354
mar 2014,"exportBR",17627.934342
abr 2014,"exportBR",19723.925778
mai 2014,"exportBR",20752.083676
jun 2014,"exportBR",20466.916246
jul 2014,"exportBR",23024.072161
ago 2014,"exportBR",20463.307505
set 2014,"exportBR",19616.604854
out 2014,"exportBR",18329.649885
nov 2014,"exportBR",15645.630327
dez 2014,"exportBR",17490.736905
jan 2015,"exportBR",13704.044559
fev 2015,"exportBR",12092.23067
mar 2015,"exportBR",16978.968634
abr 2015,"exportBR",15156.274767
mai 2015,"exportBR",16769.183205
jun 2015,"exportBR",19628.438412
jul 2015,"exportBR",18533.065548
ago 2015,"exportBR",15485.353065
set 2015,"exportBR",16148.183035
out 2015,"exportBR",16048.986692
nov 2015,"exportBR",13806.364678
dez 2015,"exportBR",16783.231319
jan 2016,"exportBR",11237.669013
fev 2016,"exportBR",13342.876253
mar 2016,"exportBR",15991.809841
abr 2016,"exportBR",15371.763216
mai 2016,"exportBR",17568.725446
jun 2016,"exportBR",16738.066984
jul 2016,"exportBR",16328.20652
ago 2016,"exportBR",16986.462166
set 2016,"exportBR",15800.119615
out 2016,"exportBR",13713.132417
nov 2016,"exportBR",16215.928363
dez 2016,"exportBR",15940.640971
jan 2017,"exportBR",14908.254032
fev 2017,"exportBR",15468.68952
mar 2017,"exportBR",20073.937574
abr 2017,"exportBR",17679.829041
mai 2017,"exportBR",19789.994972
jun 2017,"exportBR",19779.121415
jul 2017,"exportBR",18758.765145
ago 2017,"exportBR",19470.948763
set 2017,"exportBR",18659.335519
out 2017,"exportBR",18871.946607
nov 2017,"exportBR",16683.107767
dez 2017,"exportBR",17595.288111
jan 2018,"exportBR",17027.282678
fev 2018,"exportBR",17410.056953
mar 2018,"exportBR",20228.663253
abr 2018,"exportBR",19712.800434
mai 2018,"exportBR",19325.063725
jun 2018,"exportBR",20114.054526
jul 2018,"exportBR",22524.534227
ago 2018,"exportBR",21552.692723
set 2018,"exportBR",19187.203958
out 2018,"exportBR",21897.544885
nov 2018,"exportBR",20939.075942
dez 2018,"exportBR",19345.019377
jan 2019,"exportBR",18001.907016
fev 2019,"exportBR",15737.375
mar 2019,"exportBR",17428.69848
abr 2019,"exportBR",19281.734438
mai 2019,"exportBR",20592.409187
jun 2019,"exportBR",18406.010533
jul 2019,"exportBR",20150.883169
ago 2019,"exportBR",19669.525248
set 2019,"exportBR",20298.407777
out 2019,"exportBR",19576.839231
nov 2019,"exportBR",17736.715198
dez 2019,"exportBR",18502.977191
jan 2020,"exportBR",14491.413049
fev 2020,"exportBR",15582.427032
mar 2020,"exportBR",18347.551364
abr 2020,"exportBR",17612.184045
mai 2020,"exportBR",17527.065336
jun 2020,"exportBR",17515.49744
jul 2020,"exportBR",19453.555499
ago 2020,"exportBR",17481.746445
set 2020,"exportBR",18262.254684
out 2020,"exportBR",17704.351545
nov 2020,"exportBR",17429.300798
dez 2020,"exportBR",18471.037727
nov 2010,"importBR",17395.845472
dez 2010,"importBR",15574.077206
jan 2011,"importBR",14816.695123
fev 2011,"importBR",15538.300816
mar 2011,"importBR",17732.079417
abr 2011,"importBR",18311.863071
mai 2011,"importBR",19685.239882
jun 2011,"importBR",19259.526911
jul 2011,"importBR",19113.903692
ago 2011,"importBR",22265.616255
set 2011,"importBR",20212.982752
out 2011,"importBR",19781.942806
nov 2011,"importBR",21203.012587
dez 2011,"importBR",18325.70742
jan 2012,"importBR",17447.825665
fev 2012,"importBR",16321.658315
mar 2012,"importBR",18886.74517
abr 2012,"importBR",18686.725245
mai 2012,"importBR",20253.056326
jun 2012,"importBR",18552.559236
jul 2012,"importBR",18137.387987
ago 2012,"importBR",19158.671306
set 2012,"importBR",17445.086187
out 2012,"importBR",20112.389707
nov 2012,"importBR",20665.494115
dez 2012,"importBR",17505.250809
jan 2013,"importBR",20006.834832
fev 2013,"importBR",16828.349067
mar 2013,"importBR",19157.187658
abr 2013,"importBR",21620.097496
mai 2013,"importBR",21058.864302
jun 2013,"importBR",18826.250974
jul 2013,"importBR",22706.221402
ago 2013,"importBR",20201.890418
set 2013,"importBR",18858.487346
out 2013,"importBR",23050.900211
nov 2013,"importBR",19122.561867
dez 2013,"importBR",18206.25006
jan 2014,"importBR",20094.435901
fev 2014,"importBR",18062.419789
mar 2014,"importBR",17510.068332
abr 2014,"importBR",19218.068552
mai 2014,"importBR",20040.999886
jun 2014,"importBR",18119.226217
jul 2014,"importBR",21460.788189
ago 2014,"importBR",19305.427298
set 2014,"importBR",20559.437027
out 2014,"importBR",19509.062456
nov 2014,"importBR",17996.152486
dez 2014,"importBR",17197.721826
jan 2015,"importBR",16873.839267
fev 2015,"importBR",14932.172572
mar 2015,"importBR",16518.673359
abr 2015,"importBR",14666.06342
mai 2015,"importBR",14010.83263
jun 2015,"importBR",15099.376197
jul 2015,"importBR",16146.430379
ago 2015,"importBR",12794.392709
set 2015,"importBR",13202.278142
out 2015,"importBR",14053.11248
nov 2015,"importBR",12608.645993
dez 2015,"importBR",10543.233761
jan 2016,"importBR",10322.637679
fev 2016,"importBR",10301.097607
mar 2016,"importBR",11560.717619
abr 2016,"importBR",10509.741662
mai 2016,"importBR",11136.159386
jun 2016,"importBR",12769.486773
jul 2016,"importBR",11752.696206
ago 2016,"importBR",12848.449517
set 2016,"importBR",11987.439087
out 2016,"importBR",11375.442181
nov 2016,"importBR",11462.652908
dez 2016,"importBR",11525.482231
jan 2017,"importBR",12197.816186
fev 2017,"importBR",10913.271432
mar 2017,"importBR",12937.672447
abr 2017,"importBR",10716.655171
mai 2017,"importBR",12129.014411
jun 2017,"importBR",12595.233519
jul 2017,"importBR",12473.405397
ago 2017,"importBR",13879.233351
set 2017,"importBR",13488.327247
out 2017,"importBR",13678.843512
nov 2017,"importBR",13142.506475
dez 2017,"importBR",12597.515273
jan 2018,"importBR",14202.76658
fev 2018,"importBR",14411.341031
mar 2018,"importBR",13808.68782
abr 2018,"importBR",13792.173075
mai 2018,"importBR",13260.78902
jun 2018,"importBR",14324.850972
jul 2018,"importBR",18651.023993
ago 2018,"importBR",18778.06774
set 2018,"importBR",14115.911776
out 2018,"importBR",16105.95581
nov 2018,"importBR",16862.252082
dez 2018,"importBR",12916.748963
jan 2019,"importBR",16387.82996
fev 2019,"importBR",12621.762837
mar 2019,"importBR",13132.998803
abr 2019,"importBR",13628.618723
mai 2019,"importBR",14968.051867
jun 2019,"importBR",13028.629358
jul 2019,"importBR",17759.476963
ago 2019,"importBR",15569.921736
set 2019,"importBR",16495.171374
out 2019,"importBR",17027.283951
nov 2019,"importBR",14172.102789
dez 2019,"importBR",12556.086388
jan 2020,"importBR",16178.205046
fev 2020,"importBR",13257.296603
mar 2020,"importBR",14515.733552
abr 2020,"importBR",11611.055876
mai 2020,"importBR",13391.058134
jun 2020,"importBR",10449.276931
jul 2020,"importBR",11507.636647
ago 2020,"importBR",11132.245001
set 2020,"importBR",12296.49816
out 2020,"importBR",12383.785204
nov 2020,"importBR",13800.18298
dez 2020,"importBR",18414.321075
nov 2010,"usoPMetal",96.3559
dez 2010,"usoPMetal",96.9787
jan 2011,"usoPMetal",95.8925
fev 2011,"usoPMetal",95.1262
mar 2011,"usoPMetal",96.8271
abr 2011,"usoPMetal",96.7515
mai 2011,"usoPMetal",96.7267
jun 2011,"usoPMetal",97.2198
jul 2011,"usoPMetal",97.3714
ago 2011,"usoPMetal",96.4754
set 2011,"usoPMetal",98.3337
out 2011,"usoPMetal",97.6558
nov 2011,"usoPMetal",98.348
dez 2011,"usoPMetal",98.7221
jan 2012,"usoPMetal",97.1722
fev 2012,"usoPMetal",97.5475
mar 2012,"usoPMetal",96.8141
abr 2012,"usoPMetal",98.0258
mai 2012,"usoPMetal",96.7089
jun 2012,"usoPMetal",96.6548
jul 2012,"usoPMetal",96.8377
ago 2012,"usoPMetal",97.0501
set 2012,"usoPMetal",96.9891
out 2012,"usoPMetal",97.0995
nov 2012,"usoPMetal",97.1005
dez 2012,"usoPMetal",96.9702
jan 2013,"usoPMetal",97.9344
fev 2013,"usoPMetal",96.5223
mar 2013,"usoPMetal",96.5268
abr 2013,"usoPMetal",96.0401
mai 2013,"usoPMetal",97.223
jun 2013,"usoPMetal",96.8197
jul 2013,"usoPMetal",96.4319
ago 2013,"usoPMetal",96.2792
set 2013,"usoPMetal",96.0038
out 2013,"usoPMetal",96.7659
nov 2013,"usoPMetal",97.0438
dez 2013,"usoPMetal",97.5648
jan 2014,"usoPMetal",96.5725
fev 2014,"usoPMetal",96.9938
mar 2014,"usoPMetal",96.4704
abr 2014,"usoPMetal",96.3944
mai 2014,"usoPMetal",95.4747
jun 2014,"usoPMetal",96.6767
jul 2014,"usoPMetal",98.4639
ago 2014,"usoPMetal",96.8969
set 2014,"usoPMetal",96.1581
out 2014,"usoPMetal",96.5452
nov 2014,"usoPMetal",96.653
dez 2014,"usoPMetal",97.4015
jan 2015,"usoPMetal",96.0424
fev 2015,"usoPMetal",96.7688
mar 2015,"usoPMetal",97.3782
abr 2015,"usoPMetal",97.2154
mai 2015,"usoPMetal",95.8199
jun 2015,"usoPMetal",98.4009
jul 2015,"usoPMetal",98.3553
ago 2015,"usoPMetal",97.5958
set 2015,"usoPMetal",97.6385
out 2015,"usoPMetal",98.374
nov 2015,"usoPMetal",94.6951
dez 2015,"usoPMetal",98.2128
jan 2016,"usoPMetal",96.3737
fev 2016,"usoPMetal",96.1972
mar 2016,"usoPMetal",97.5377
abr 2016,"usoPMetal",96.0059
mai 2016,"usoPMetal",96.4662
jun 2016,"usoPMetal",96.9185
jul 2016,"usoPMetal",97.2605
ago 2016,"usoPMetal",92.6555
set 2016,"usoPMetal",91.2796
out 2016,"usoPMetal",93.1356
nov 2016,"usoPMetal",91.7525
dez 2016,"usoPMetal",91.5998
jan 2017,"usoPMetal",87.2405
fev 2017,"usoPMetal",88.266
mar 2017,"usoPMetal",93.0018
abr 2017,"usoPMetal",88.3475
mai 2017,"usoPMetal",90.9947
jun 2017,"usoPMetal",94.9504
jul 2017,"usoPMetal",91.3687
ago 2017,"usoPMetal",94.3779
set 2017,"usoPMetal",93.1635
out 2017,"usoPMetal",93.504
nov 2017,"usoPMetal",95.1411
dez 2017,"usoPMetal",95.0184
jan 2018,"usoPMetal",91.9044
fev 2018,"usoPMetal",89.2753
mar 2018,"usoPMetal",90.7217
abr 2018,"usoPMetal",91.0362
mai 2018,"usoPMetal",89.0836
jun 2018,"usoPMetal",93.8346
jul 2018,"usoPMetal",95.2504
ago 2018,"usoPMetal",94.5365
set 2018,"usoPMetal",93.7198
out 2018,"usoPMetal",95.8313
nov 2018,"usoPMetal",97.0319
dez 2018,"usoPMetal",98.4257
jan 2019,"usoPMetal",98.4008
fev 2019,"usoPMetal",68.4246
mar 2019,"usoPMetal",68.0956
abr 2019,"usoPMetal",66.0817
mai 2019,"usoPMetal",65.097
jun 2019,"usoPMetal",68.8125
jul 2019,"usoPMetal",73.4712
ago 2019,"usoPMetal",76.5714
set 2019,"usoPMetal",76.9637
out 2019,"usoPMetal",78.7494
nov 2019,"usoPMetal",81.2386
dez 2019,"usoPMetal",81.1107
jan 2020,"usoPMetal",78.6924
fev 2020,"usoPMetal",79.7418
mar 2020,"usoPMetal",77.7753
abr 2020,"usoPMetal",79.1522
mai 2020,"usoPMetal",82.3322
jun 2020,"usoPMetal",76.6482
jul 2020,"usoPMetal",82.6619
ago 2020,"usoPMetal",81.8902
set 2020,"usoPMetal",83.793
out 2020,"usoPMetal",83.0959
nov 2020,"usoPMetal",83.7762
dez 2020,"usoPMetal",91.8307
